{
  "name": "ckeditor",
  "description": "JavaScript WYSIWYG web text editor.",
  "keywords": [
    "ckeditor",
    "fckeditor",
    "editor",
    "wysiwyg",
    "html",
    "richtext",
    "text",
    "javascript"
  ],
  "authors": "CKSource - Frederico Knabben (http://cksource.com)",
  "license": "http://ckeditor.com/about/license",
  "homepage": "http://ckeditor.com",
  "_release": "basic/4.3.4",
  "_resolution": {
    "type": "tag",
    "tag": "basic/4.3.4",
    "commit": "8b814e5c05889ecac8da5917d9d511c83bbfb5d4"
  },
  "_source": "https://github.com/ckeditor/ckeditor-releases.git",
  "_target": "basic/4.3.4",
  "_originalSource": "ckeditor"
}